{
  "version": 1,
  "author": "Anonymous maker",
  "editor": "wokwi",
  "parts": [
    { "type": "wokwi-arduino-uno", "id": "uno", "top": 0.6, "left": -0.6, "attrs": {} },
    {
      "type": "wokwi-pushbutton",
      "id": "btn1",
      "top": -86.3,
      "left": 198.3,
      "rotate": 270,
      "attrs": { "color": "red" }
    },
    {
      "type": "wokwi-led",
      "id": "led1",
      "top": -138,
      "left": -101.8,
      "attrs": { "color": "red" }
    },
    {
      "type": "wokwi-led",
      "id": "led2",
      "top": -147.6,
      "left": -73,
      "attrs": { "color": "green" }
    },
    {
      "type": "wokwi-led",
      "id": "led3",
      "top": -157.2,
      "left": -44.2,
      "attrs": { "color": "blue" }
    },
    {
      "type": "wokwi-led",
      "id": "led4",
      "top": -166.8,
      "left": -15.4,
      "attrs": { "color": "yellow" }
    },
    {
      "type": "wokwi-led",
      "id": "led5",
      "top": -176.4,
      "left": 13.4,
      "attrs": { "color": "orange" }
    },
    {
      "type": "wokwi-led",
      "id": "led6",
      "top": -195.6,
      "left": 71,
      "attrs": { "color": "purple" }
    },
    {
      "type": "wokwi-led",
      "id": "led7",
      "top": -186,
      "left": 42.2,
      "attrs": { "color": "white" }
    },
    {
      "type": "wokwi-led",
      "id": "led8",
      "top": -205.2,
      "left": 99.8,
      "attrs": { "color": "magenta" }
    },
    {
      "type": "wokwi-led",
      "id": "led9",
      "top": -214.8,
      "left": 128.6,
      "attrs": { "color": "limegreen" }
    },
    {
      "type": "wokwi-resistor",
      "id": "r1",
      "top": -62.4,
      "left": -106.15,
      "rotate": 90,
      "attrs": { "value": "330" }
    },
    {
      "type": "wokwi-resistor",
      "id": "r2",
      "top": -72,
      "left": -77.35,
      "rotate": 90,
      "attrs": { "value": "330" }
    },
    {
      "type": "wokwi-resistor",
      "id": "r3",
      "top": -81.6,
      "left": -48.55,
      "rotate": 90,
      "attrs": { "value": "330" }
    },
    {
      "type": "wokwi-resistor",
      "id": "r4",
      "top": -91.2,
      "left": -19.75,
      "rotate": 90,
      "attrs": { "value": "330" }
    },
    {
      "type": "wokwi-resistor",
      "id": "r5",
      "top": -100.8,
      "left": 9.05,
      "rotate": 90,
      "attrs": { "value": "330" }
    },
    {
      "type": "wokwi-resistor",
      "id": "r6",
      "top": -110.4,
      "left": 37.85,
      "rotate": 90,
      "attrs": { "value": "330" }
    },
    {
      "type": "wokwi-resistor",
      "id": "r7",
      "top": -120,
      "left": 66.65,
      "rotate": 90,
      "attrs": { "value": "330" }
    },
    {
      "type": "wokwi-resistor",
      "id": "r8",
      "top": -129.6,
      "left": 95.45,
      "rotate": 90,
      "attrs": { "value": "330" }
    },
    {
      "type": "wokwi-resistor",
      "id": "r9",
      "top": -139.2,
      "left": 124.25,
      "rotate": 90,
      "attrs": { "value": "330" }
    }
  ],
  "connections": [
    [ "r9:2", "uno:13", "limegreen", [ "h0", "v27.6", "h-28.8" ] ],
    [ "r8:2", "uno:12", "magenta", [ "h0", "v8.4", "h9.6" ] ],
    [ "r7:2", "uno:11", "purple", [ "h0", "v18", "h48" ] ],
    [ "r6:2", "uno:10", "white", [ "h0", "v8.4", "h86.4", "v28.8" ] ],
    [ "r5:2", "uno:9", "orange", [ "h0", "v18", "h124.8" ] ],
    [ "r4:2", "uno:8", "gold", [ "h0", "v8.4", "h163.2" ] ],
    [ "r3:2", "uno:7", "blue", [ "h0", "v27.6", "h211.2" ] ],
    [ "r2:2", "uno:6", "green", [ "h0", "v18", "h240" ] ],
    [ "r1:2", "uno:5", "red", [ "h0", "v27.6", "h288" ] ],
    [ "uno:GND.1", "led1:C", "black", [ "v-19.2", "h-201.3" ] ],
    [ "uno:GND.1", "led2:C", "black", [ "v-19.2", "h-172.9" ] ],
    [ "uno:GND.1", "led3:C", "black", [ "v-38.4", "h-143.7" ] ],
    [ "uno:GND.1", "led4:C", "black", [ "v-48", "h-114.9" ] ],
    [ "uno:GND.1", "led5:C", "black", [ "v-67.2", "h-86.1" ] ],
    [ "uno:GND.1", "led7:C", "black", [ "v-67.2", "h0.3" ] ],
    [ "uno:GND.1", "led6:C", "black", [ "v-86.4", "h-9.3" ] ],
    [ "uno:GND.1", "led8:C", "black", [ "v0" ] ],
    [ "uno:GND.1", "led9:C", "black", [ "v-96", "h29.1" ] ],
    [ "btn1:1.l", "uno:3", "red", [ "v19.2", "h9.6" ] ],
    [ "uno:GND.3", "btn1:2.r", "black", [ "v19.1", "h109.6", "v-268.8", "h0", "v-48", "h-48" ] ],
    [ "led1:A", "r1:1", "red", [ "v0" ] ],
    [ "led2:A", "r2:1", "green", [ "v0" ] ],
    [ "led3:A", "r3:1", "blue", [ "v0" ] ],
    [ "led4:A", "r4:1", "gold", [ "v0" ] ],
    [ "led5:A", "r5:1", "orange", [ "v0" ] ],
    [ "led7:A", "r6:1", "white", [ "v0" ] ],
    [ "led6:A", "r7:1", "purple", [ "v0" ] ],
    [ "led8:A", "r8:1", "magenta", [ "v0" ] ],
    [ "led9:A", "r9:1", "limegreen", [ "v0" ] ]
  ],
  "dependencies": {}
}