{
  "version": 1,
  "author": "Anonymous maker",
  "editor": "wokwi",
  "parts": [
    { "type": "wokwi-arduino-uno", "id": "uno", "top": 0, "left": 0, "attrs": {} },
    {
      "type": "wokwi-lcd1602",
      "id": "lcd1",
      "top": 16,
      "left": 293.6,
      "attrs": { "pins": "i2c" }
    }
  ],
  "connections": [
    [ "lcd1:GND", "uno:GND.2", "black", [ "h0" ] ],
    [ "lcd1:VCC", "uno:5V", "red", [ "h0" ] ],
    [ "lcd1:SDA", "uno:A4", "green", [ "h0" ] ],
    [ "lcd1:SCL", "uno:A5", "yellow", [ "h0" ] ]
  ],
  "dependencies": {}
}