{
  "version": 1,
  "author": "Anonymous maker",
  "editor": "wokwi",
  "parts": [
    { "type": "wokwi-arduino-uno", "id": "uno", "top": 0, "left": 0, "attrs": {} },
    {
      "type": "wokwi-led",
      "id": "led1",
      "top": -186,
      "left": 282.2,
      "attrs": { "color": "cyan" }
    },
    { "type": "wokwi-led", "id": "led2", "top": -109.2, "left": -25, "attrs": { "color": "red" } },
    {
      "type": "wokwi-led",
      "id": "led3",
      "top": -118.8,
      "left": 13.4,
      "attrs": { "color": "green" }
    },
    {
      "type": "wokwi-led",
      "id": "led4",
      "top": -176.4,
      "left": 243.8,
      "attrs": { "color": "magenta" }
    },
    {
      "type": "wokwi-led",
      "id": "led5",
      "top": -128.4,
      "left": 51.8,
      "attrs": { "color": "blue" }
    },
    {
      "type": "wokwi-led",
      "id": "led6",
      "top": -166.8,
      "left": 205.4,
      "attrs": { "color": "purple" }
    },
    {
      "type": "wokwi-led",
      "id": "led7",
      "top": -157.2,
      "left": 167,
      "attrs": { "color": "white" }
    },
    {
      "type": "wokwi-led",
      "id": "led8",
      "top": -147.6,
      "left": 128.6,
      "attrs": { "color": "orange" }
    },
    {
      "type": "wokwi-led",
      "id": "led9",
      "top": -138,
      "left": 90.2,
      "attrs": { "color": "yellow" }
    },
    {
      "type": "wokwi-resistor",
      "id": "r1",
      "top": -52.8,
      "left": 9.05,
      "rotate": 90,
      "attrs": { "value": "1000" }
    },
    {
      "type": "wokwi-resistor",
      "id": "r2",
      "top": -43.2,
      "left": -29.35,
      "rotate": 90,
      "attrs": { "value": "1000" }
    },
    {
      "type": "wokwi-resistor",
      "id": "r3",
      "top": -62.4,
      "left": 47.45,
      "rotate": 90,
      "attrs": { "value": "1000" }
    },
    {
      "type": "wokwi-resistor",
      "id": "r4",
      "top": -72,
      "left": 85.85,
      "rotate": 90,
      "attrs": { "value": "1000" }
    },
    {
      "type": "wokwi-resistor",
      "id": "r5",
      "top": -81.6,
      "left": 124.25,
      "rotate": 90,
      "attrs": { "value": "1000" }
    },
    {
      "type": "wokwi-resistor",
      "id": "r6",
      "top": -91.2,
      "left": 162.65,
      "rotate": 90,
      "attrs": { "value": "1000" }
    },
    {
      "type": "wokwi-resistor",
      "id": "r7",
      "top": -100.8,
      "left": 201.05,
      "rotate": 90,
      "attrs": { "value": "1000" }
    },
    {
      "type": "wokwi-resistor",
      "id": "r8",
      "top": -110.4,
      "left": 239.45,
      "rotate": 90,
      "attrs": { "value": "1000" }
    },
    {
      "type": "wokwi-resistor",
      "id": "r9",
      "top": -120,
      "left": 277.85,
      "rotate": 90,
      "attrs": { "value": "1000" }
    }
  ],
  "connections": [
    [ "led2:A", "r2:1", "green", [ "v0" ] ],
    [ "led3:A", "r1:1", "green", [ "v0" ] ],
    [ "led5:A", "r3:1", "green", [ "v0" ] ],
    [ "led9:A", "r4:1", "green", [ "v0" ] ],
    [ "led8:A", "r5:1", "green", [ "v0" ] ],
    [ "led7:A", "r6:1", "green", [ "v0" ] ],
    [ "led6:A", "r7:1", "green", [ "v0" ] ],
    [ "led4:A", "r8:1", "green", [ "v0" ] ],
    [ "led1:A", "r9:1", "green", [ "v0" ] ],
    [ "led2:C", "uno:GND.1", "black", [ "v0" ] ],
    [ "led3:C", "uno:GND.1", "black", [ "v0" ] ],
    [ "led5:C", "uno:GND.1", "black", [ "v0" ] ],
    [ "led9:C", "uno:GND.1", "black", [ "v0" ] ],
    [ "led8:C", "uno:GND.1", "black", [ "v0" ] ],
    [ "led7:C", "uno:GND.1", "black", [ "v0" ] ],
    [ "led6:C", "uno:GND.1", "black", [ "v0" ] ],
    [ "led4:C", "uno:GND.1", "black", [ "v0" ] ],
    [ "led1:C", "uno:GND.1", "black", [ "v0" ] ],
    [ "r2:2", "uno:2", "red", [ "h0" ] ],
    [ "r1:2", "uno:3", "green", [ "h0" ] ],
    [ "r3:2", "uno:4", "blue", [ "h0" ] ],
    [ "r4:2", "uno:5", "gold", [ "h0" ] ],
    [ "r5:2", "uno:6", "orange", [ "h0" ] ],
    [ "r6:2", "uno:7", "white", [ "h0" ] ],
    [ "r7:2", "uno:8", "purple", [ "h0" ] ],
    [ "r8:2", "uno:9", "magenta", [ "h0" ] ],
    [ "r9:2", "uno:10", "cyan", [ "h0" ] ]
  ],
  "dependencies": {}
}