{
  "version": 1,
  "author": "Anonymous maker",
  "editor": "wokwi",
  "parts": [
    { "type": "wokwi-arduino-uno", "id": "uno", "top": 10.2, "left": -0.6, "attrs": {} },
    { "type": "wokwi-led", "id": "led1", "top": -138, "left": -25, "attrs": { "color": "red" } },
    { "type": "wokwi-led", "id": "led2", "top": -138, "left": 3.8, "attrs": { "color": "green" } },
    { "type": "wokwi-led", "id": "led3", "top": -138, "left": 32.6, "attrs": { "color": "blue" } },
    {
      "type": "wokwi-led",
      "id": "led4",
      "top": -138,
      "left": 61.4,
      "attrs": { "color": "yellow" }
    },
    {
      "type": "wokwi-pushbutton",
      "id": "btn1",
      "top": -105.7,
      "left": 157.1,
      "rotate": 90,
      "attrs": { "color": "red" }
    },
    {
      "type": "wokwi-pushbutton",
      "id": "btn2",
      "top": -105.7,
      "left": 205.1,
      "rotate": 90,
      "attrs": { "color": "green" }
    },
    {
      "type": "wokwi-pushbutton",
      "id": "btn3",
      "top": -105.5,
      "left": 255.9,
      "rotate": 90,
      "attrs": { "color": "blue" }
    },
    {
      "type": "wokwi-pushbutton",
      "id": "btn4",
      "top": -105.5,
      "left": 303.9,
      "rotate": 90,
      "attrs": { "color": "yellow" }
    },
    {
      "type": "wokwi-resistor",
      "id": "r1",
      "top": -62.4,
      "left": -29.35,
      "rotate": 90,
      "attrs": { "value": "330" }
    },
    {
      "type": "wokwi-resistor",
      "id": "r2",
      "top": -62.4,
      "left": -0.55,
      "rotate": 90,
      "attrs": { "value": "330" }
    },
    {
      "type": "wokwi-resistor",
      "id": "r3",
      "top": -62.4,
      "left": 28.25,
      "rotate": 90,
      "attrs": { "value": "330" }
    },
    {
      "type": "wokwi-resistor",
      "id": "r4",
      "top": -62.4,
      "left": 57.05,
      "rotate": 90,
      "attrs": { "value": "330" }
    }
  ],
  "connections": [
    [ "led1:A", "r1:1", "red", [ "v0" ] ],
    [ "led2:A", "r2:1", "green", [ "v0" ] ],
    [ "led3:A", "r3:1", "blue", [ "v0" ] ],
    [ "led4:A", "r4:1", "gold", [ "v0" ] ],
    [ "r1:2", "uno:10", "red", [ "h0", "v8.4", "h153.6" ] ],
    [ "r2:2", "uno:11", "green", [ "h0", "v18", "h115.2" ] ],
    [ "r3:2", "uno:12", "blue", [ "h0", "v27.6", "h76.8" ] ],
    [ "r4:2", "uno:13", "gold", [ "h38.4", "v-1.2" ] ],
    [ "led1:C", "uno:GND.1", "black", [ "v112.92", "h4.48" ] ],
    [ "led2:C", "uno:GND.1", "black", [ "v115.2", "h0.4" ] ],
    [ "led3:C", "uno:GND.1", "black", [ "v115.2", "h0.4" ] ],
    [ "led4:C", "uno:GND.1", "black", [ "v115.2", "h0.4" ] ],
    [ "btn1:2.r", "uno:3", "red", [ "v19.2", "h35.4" ] ],
    [ "btn2:2.r", "uno:4", "green", [ "v9.6", "h-12.6" ] ],
    [ "btn3:2.r", "uno:5", "blue", [ "v28.8", "h-79.8" ] ],
    [ "btn4:2.r", "uno:6", "gold", [ "v38.4", "h-127.8" ] ],
    [ "uno:GND.3", "btn4:1.r", "black", [ "v19.1", "h167.2" ] ],
    [ "btn4:1.l", "btn3:1.l", "black", [ "v-9.8", "h-50.8" ] ],
    [ "btn3:1.l", "btn2:1.l", "black", [ "v-9.8", "h-50.8" ] ],
    [ "btn2:1.l", "btn1:1.l", "black", [ "v-9.6", "h-48" ] ]
  ],
  "dependencies": {}
}