{
  "version": 1,
  "author": "Anonymous maker",
  "editor": "wokwi",
  "parts": [
    { "type": "wokwi-arduino-uno", "id": "uno", "top": 125.4, "left": -67.8, "attrs": {} },
    { "type": "wokwi-led", "id": "led1", "top": -22.8, "left": 13.4, "attrs": { "color": "red" } },
    {
      "type": "wokwi-resistor",
      "id": "r1",
      "top": 51.95,
      "left": 96,
      "attrs": { "value": "1000" }
    },
    {
      "type": "wokwi-led",
      "id": "led2",
      "top": 63.6,
      "left": 13.4,
      "attrs": { "color": "limegreen" }
    },
    {
      "type": "wokwi-led",
      "id": "led3",
      "top": 15.6,
      "left": 13.4,
      "attrs": { "color": "yellow" }
    },
    {
      "type": "wokwi-resistor",
      "id": "r2",
      "top": 99.95,
      "left": 86.4,
      "attrs": { "value": "1000" }
    },
    {
      "type": "wokwi-resistor",
      "id": "r3",
      "top": 13.55,
      "left": 105.6,
      "attrs": { "value": "1000" }
    }
  ],
  "connections": [
    [ "uno:GND.1", "led1:C", "black", [ "v0" ] ],
    [ "uno:GND.1", "led3:C", "black", [ "v0" ] ],
    [ "uno:GND.1", "led2:C", "black", [ "v0" ] ],
    [ "r3:1", "led1:A", "green", [ "v0" ] ],
    [ "r1:1", "led3:A", "green", [ "v0", "h-48" ] ],
    [ "r2:1", "led2:A", "green", [ "v0" ] ],
    [ "r3:2", "uno:3", "green", [ "v0" ] ],
    [ "r2:2", "uno:5", "green", [ "v0" ] ],
    [ "r1:2", "uno:4", "green", [ "v0" ] ]
  ],
  "dependencies": {}
}