{
  "version": 1,
  "author": "Anonymous maker",
  "editor": "wokwi",
  "parts": [
    { "type": "wokwi-arduino-uno", "id": "uno", "top": 10.2, "left": 9, "attrs": {} },
    {
      "type": "wokwi-led",
      "id": "led1",
      "top": -109.2,
      "left": 138.2,
      "attrs": { "color": "cyan" }
    },
    {
      "type": "wokwi-resistor",
      "id": "r1",
      "top": -35,
      "left": 143.15,
      "rotate": 270,
      "attrs": { "value": "1000" }
    }
  ],
  "connections": [
    [ "led1:A", "r1:2", "red", [ "v0" ] ],
    [ "r1:1", "uno:4", "red", [ "h0" ] ],
    [ "uno:GND.1", "led1:C", "black", [ "v0" ] ]
  ],
  "dependencies": {}
}